Type, j0, j1, j2, j3, j4, j5, j6, j7
0, 0, 0, 0,	0, 0, 0, 0,	0
1, 0.2828427, 0.2828427, 0.4					
